comparison_id,study,experiment,emotion,strategy_code,control_code,strategy_family,gross_family,dln_stage,n_exp,n_ctrl,n_total,d_experiential,d_behavioral,d_physiological,d_composite,n_outcomes,se_d,vi
1,Arch&Craske(2006),1,negative_affect,D4,Cont1,distraction,attentional_deployment,linear,20.0,20.0,40.0,0.51,0.0,,0.255,2,0.3175,0.100813
2,Arch&Craske(2006),1,negative_affect,D4,Cont3,distraction,attentional_deployment,linear,20.0,20.0,40.0,0.73,0.0,,0.365,2,0.3188,0.101665
3,Ayduk&Kross(2008),1,anger,R3,C1,reappraisal,cognitive_change,network,39.0,42.0,81.0,0.74,0.66,,0.7,2,0.2291,0.052475
4,Ayduketal.(2002),1,negative_affect,R3,Cont1,reappraisal,cognitive_change,network,88.0,100.0,188.0,0.44,,,0.44,1,0.1479,0.021879
5,Ayduketal.(2002),1,negative_affect,C1,Cont1,concentration,attentional_deployment,dot,85.0,100.0,185.0,0.02,,,0.02,1,0.1475,0.021766
6,Banksetal.(2007),1,negative_affect,R2,Cont5,reappraisal,cognitive_change,network,14.0,,14.0,1.83,,,1.83,1,0.5123,0.262461
7,Bates(2007),1,negative_affect,S4,Cont1,suppression,response_modulation,linear,19.0,20.0,39.0,-0.16,,,-0.16,1,0.3209,0.10296
8,Bates(2007),1,negative_affect,D2,Cont1,distraction,attentional_deployment,linear,19.0,20.0,39.0,-0.2,,,-0.2,1,0.3212,0.103144
9,Bates(2007),1,negative_affect,C1,Cont1,concentration,attentional_deployment,dot,19.0,20.0,39.0,-0.31,,,-0.31,1,0.3223,0.103864
10,Baumeisteretal.(1998),3,mixed,S4,Cont5,suppression,response_modulation,linear,15.0,15.0,30.0,0.0,,,0.0,1,0.3651,0.133333
11,Beauregardetal.(2001),1,sexual_arousal,R3,Cont4,reappraisal,cognitive_change,network,10.0,,10.0,1.83,,,1.83,1,0.6062,0.367445
12,Beevers&Meyer(2008),1,negative_affect,S3,Cont1,suppression,response_modulation,linear,16.0,16.0,32.0,0.0,,,0.0,1,0.3536,0.125
13,Beevers&Scott(2001),1,mixed,S3,Cont1,suppression,response_modulation,linear,79.0,79.0,158.0,-0.34,,,-0.34,1,0.1603,0.025682
14,Blackhart&Kline(2005),1,sadness,D4,C1,distraction,attentional_deployment,linear,51.0,40.0,91.0,0.1,,,0.1,1,0.2113,0.044663
15,Blagden&Craske(1996),1,anxiety,D4,C3,distraction,attentional_deployment,linear,12.0,10.0,22.0,0.8,,,0.8,1,0.4448,0.197879
16,Bonannoetal.(2004),1,mixed,S1,Cont4,suppression,response_modulation,linear,101.0,,101.0,0.0,1.36,,0.68,2,0.1486,0.022091
17,Bonannoetal.(2004),1,mixed,S1,Cont3,suppression,response_modulation,linear,101.0,,101.0,0.0,2.59,,1.295,2,0.1676,0.028104
18,Borton(2002),2,negative_affect,S3,Cont1,suppression,response_modulation,linear,27.0,25.0,52.0,-0.3,,,-0.3,1,0.2791,0.077902
19,Borton(2002),2,negative_affect,D1,Cont1,distraction,attentional_deployment,linear,27.0,25.0,52.0,0.21,,,0.21,1,0.2783,0.077461
20,Borton(2002),2,negative_affect,C1,Cont1,concentration,attentional_deployment,dot,24.0,25.0,49.0,-0.35,,,-0.35,1,0.288,0.082917
21,Borton&Casey(2006),1,negative_affect,S3,Cont1,suppression,response_modulation,linear,25.0,23.0,48.0,-0.54,,,-0.54,1,0.2941,0.086516
22,Bortonetal.(2005),1,negative_affect,S3,Cont1,suppression,response_modulation,linear,30.0,31.0,61.0,-0.44,,,-0.44,1,0.2592,0.067178
23,Broderick(2005),1,sadness,D4,C2,distraction,attentional_deployment,linear,61.0,55.0,116.0,0.67,,,0.67,1,0.1911,0.03651
24,Broderick(2005),1,sadness,R1,D4,reappraisal,cognitive_change,network,61.0,61.0,122.0,0.29,,,0.29,1,0.182,0.033132
25,Broderick(2005),1,sadness,R1,C2,reappraisal,cognitive_change,network,61.0,55.0,116.0,0.92,,,0.92,1,0.1955,0.038224
26,Bucketal.(2009),1,anxiety,R2,Cont1,reappraisal,cognitive_change,network,31.0,30.0,61.0,0.21,,,0.21,1,0.2568,0.065953
27,Bucketal.(2009),1,anxiety,D3,Cont1,distraction,attentional_deployment,linear,29.0,30.0,59.0,0.04,,,0.04,1,0.2604,0.06783
28,Burns(2006),1,pain,S2,Cont1,suppression,response_modulation,dot,26.0,26.0,52.0,-0.19,-0.38,,-0.285,2,0.2788,0.077704
29,Burns(2006),1,pain,D3,Cont1,distraction,attentional_deployment,linear,26.0,26.0,52.0,-0.37,0.07,,-0.15,2,0.2777,0.077139
30,Burnsetal.(2008),1,disgust,S4,Cont1,suppression,response_modulation,linear,34.0,32.0,66.0,-0.12,,,-0.12,1,0.2465,0.060771
31,Burnsetal.(2007),1,anger,S2,Cont2,suppression,response_modulation,dot,31.0,32.0,63.0,-0.28,,,-0.28,1,0.2532,0.06413
32,Burnsetal.(2007),1,anger,S1,Cont2,suppression,response_modulation,linear,31.0,32.0,63.0,-0.1,,,-0.1,1,0.2522,0.063587
33,Burnsetal.(2007),1,anxiety,S2,Cont2,suppression,response_modulation,dot,31.0,32.0,63.0,-0.36,,,-0.36,1,0.254,0.064537
34,Burnsetal.(2007),1,anxiety,S1,Cont2,suppression,response_modulation,linear,31.0,32.0,63.0,-0.43,,,-0.43,1,0.2549,0.064976
35,Bushman(2002),1,anger,D4,Cont1,distraction,attentional_deployment,linear,100.0,100.0,200.0,-0.1,-0.17,,-0.135,2,0.1416,0.020046
36,Bushmanetal.(2005),1,anger,D4,C2,distraction,attentional_deployment,linear,14.0,14.0,28.0,1.05,,,1.05,1,0.4032,0.162545
37,Bushmanetal.(2005),1,anger,D2,C2,distraction,attentional_deployment,linear,14.0,14.0,28.0,1.18,,,1.18,1,0.4095,0.167721
38,Bushmanetal.(2005),1,anger,D2,D4,distraction,attentional_deployment,linear,14.0,14.0,28.0,-0.11,,,-0.11,1,0.3783,0.143073
39,Butleretal.(2003),1,negative_affect,R2,Cont1,reappraisal,cognitive_change,network,12.0,12.0,24.0,0.21,1.02,-0.16,0.3567,3,0.4115,0.169317
40,Butleretal.(2003),1,negative_affect,S1,Cont1,suppression,response_modulation,linear,12.0,12.0,24.0,0.32,1.0,0.09,0.47,3,0.4138,0.171269
41,Butleretal.(2007),2,negative_affect,S1,Cont1,suppression,response_modulation,linear,29.0,31.0,60.0,0.54,,,0.54,1,0.263,0.069171
42,Butleretal.(1995),1,negative_affect,C3,Cont1,concentration,attentional_deployment,dot,11.0,11.0,22.0,-1.18,,,-1.18,1,0.462,0.213464
43,Butleretal.(2006),1,negative_affect,S1,Cont1,suppression,response_modulation,linear,33.0,131.0,164.0,-0.03,1.25,-0.15,0.3567,3,0.1958,0.038324
44,Butleretal.(2006),1,negative_affect,R2,Cont1,reappraisal,cognitive_change,network,33.0,131.0,164.0,0.51,1.53,0.0,0.68,3,0.1984,0.039346
45,Ceschi&Scherer(2003),1,amusement,S1,Cont1,suppression,response_modulation,linear,32.0,32.0,64.0,0.85,,,0.85,1,0.261,0.068145
46,Chapmanetal.(2009),1,none,R1,S4,reappraisal,cognitive_change,network,39.0,,39.0,-0.47,,,-0.47,1,0.2326,0.054114
47,Coats(2008),1,sadness,R2,Cont1,reappraisal,cognitive_change,network,26.0,26.0,52.0,0.11,,,0.11,1,0.2776,0.077039
48,Coats(2008),1,sadness,S3,Cont1,suppression,response_modulation,linear,26.0,26.0,52.0,0.46,,,0.46,1,0.281,0.078958
49,Colbyetal.(1977),1,pain,S1,Cont4,suppression,response_modulation,linear,10.0,,10.0,0.11,,,0.11,1,0.4479,0.200605
50,Colbyetal.(1977),1,pain,S1,Cont3,suppression,response_modulation,linear,10.0,,10.0,0.46,,,0.46,1,0.4589,0.21058
51,Cooney(2007),1,none,D4,C2,distraction,attentional_deployment,linear,14.0,,14.0,0.17,,,0.17,1,0.3793,0.143889
52,Dalebrouxetal.(2008),1,sadness,D2,C1,distraction,attentional_deployment,linear,25.0,25.0,50.0,1.0,,,1.0,1,0.3,0.09
53,Dalebrouxetal.(2008),1,sadness,D4,C1,distraction,attentional_deployment,linear,25.0,25.0,50.0,0.19,,,0.19,1,0.2835,0.080361
54,Dalebrouxetal.(2008),1,sadness,D2,D4,distraction,attentional_deployment,linear,25.0,25.0,50.0,0.91,,,0.91,1,0.2971,0.088281
55,Dalgleish&Yiend(2006),1,negative_affect,S3,Cont1,suppression,response_modulation,linear,11.0,10.0,21.0,0.24,,,0.24,1,0.4385,0.192281
56,Dalgleishetal.(2009),1,negative_affect,S2,Cont4,suppression,response_modulation,dot,16.0,,16.0,0.29,,,0.29,1,0.3573,0.127628
57,Dalgleishetal.(2009),1,negative_affect,S2,Cont3,suppression,response_modulation,dot,16.0,,16.0,0.02,,,0.02,1,0.3536,0.125012
58,Davisetal.(2009),1,negative_affect,S1,Cont1,suppression,response_modulation,linear,23.0,35.0,58.0,0.57,0.5,,0.535,2,0.273,0.074517
59,Davisetal.(2009),1,negative_affect,D4,Cont1,distraction,attentional_deployment,linear,23.0,35.0,58.0,0.05,-0.55,,-0.25,2,0.2694,0.072588
60,Degen(2008),1,anxiety,R1,D4,reappraisal,cognitive_change,network,60.0,60.0,120.0,0.2,,,0.2,1,0.183,0.0335
61,Delgadoetal.(2008),1,anxiety,D2,Cont4,distraction,attentional_deployment,linear,12.0,,12.0,0.66,,,0.66,1,0.4299,0.184817
62,"Demaree,Robinson,etal.(2006)",1,amusement,S1,Cont3,suppression,response_modulation,linear,20.5,20.5,41.0,-0.34,1.62,-0.33,0.3167,3,0.3143,0.098784
63,"Demaree,Robinson,etal.(2006)",1,disgust,S1,Cont3,suppression,response_modulation,linear,20.5,20.5,41.0,-0.49,1.4,-0.13,0.26,3,0.3137,0.098385
64,"Demaree,Schmeichel,etal.(2006)",1,disgust,S1,Cont4,suppression,response_modulation,linear,20.0,15.0,35.0,-0.06,0.26,-0.17,0.01,3,0.3416,0.116668
65,"Demaree,Schmeichel,etal.(2006)",1,disgust,S1,Cont3,suppression,response_modulation,linear,20.0,17.0,37.0,0.38,1.95,-0.19,0.7133,3,0.3401,0.1157
66,Densonetal.(2009),1,anger,D4,C1,distraction,attentional_deployment,linear,16.0,16.0,32.0,0.01,,,0.01,1,0.3536,0.125002
67,Densonetal.(2009),1,anger,D4,C2,distraction,attentional_deployment,linear,16.0,16.0,32.0,0.39,,,0.39,1,0.3569,0.127377
68,Densonetal.(2009),1,anger,C1,C2,concentration,attentional_deployment,dot,16.0,16.0,32.0,0.36,,,0.36,1,0.3564,0.127025
69,Deveney&Pizzagalli(2008),1,negative_affect,R3,Cont3,reappraisal,cognitive_change,network,26.0,,26.0,0.15,,,0.15,1,0.2781,0.077356
70,Deveney&Pizzagalli(2008),1,negative_affect,R2,Cont3,reappraisal,cognitive_change,network,26.0,,26.0,0.09,,,0.09,1,0.2776,0.077079
71,Dillonetal.(2007),1,negative_affect,R3,Cont4,reappraisal,cognitive_change,network,37.0,,37.0,0.45,,,0.45,1,0.2383,0.056791
72,Dillonetal.(2007),2,negative_affect,S1,Cont4,suppression,response_modulation,linear,36.0,,36.0,-0.09,,,-0.09,1,0.2359,0.055668
73,Dillonetal.(2007),2,negative_affect,R3,Cont4,reappraisal,cognitive_change,network,36.0,,36.0,0.56,,,0.56,1,0.2448,0.059911
74,Dodrill(2005),1,negative_affect,C3,C1,concentration,attentional_deployment,dot,23.0,20.0,43.0,-0.15,0.02,,-0.065,2,0.3058,0.093527
75,Donaldson&Lam(2004),1,none,D4,C3,distraction,attentional_deployment,linear,18.0,18.0,36.0,0.53,,,0.53,1,0.3391,0.115012
76,Dunnetal.(2009),1,negative_affect,R1,Cont1,reappraisal,cognitive_change,network,30.0,30.0,60.0,-0.09,-0.02,,-0.055,2,0.2582,0.066692
77,"Ehring,Fuchs,&Klasener(2009)",1,negative_affect,D4,C2,distraction,attentional_deployment,linear,25.0,26.0,51.0,0.83,0.38,,0.605,2,0.2864,0.08205
78,"Ehring,Szeimies,&Schaffrick(2009)",1,negative_affect,D4,C2,distraction,attentional_deployment,linear,27.0,28.0,55.0,0.69,0.22,,0.455,2,0.2732,0.074633
79,Eippertetal.(2007),1,negative_affect,R3,Cont4,reappraisal,cognitive_change,network,24.0,,24.0,-0.3,,,-0.3,1,0.2919,0.085208
80,Erisman&Roemer(2010),1,negative_affect,R1,D4,reappraisal,cognitive_change,network,15.0,15.0,30.0,0.67,-0.32,,0.175,2,0.3658,0.133844
81,Farbetal.(2010),1,sadness,R1,Cont1,reappraisal,cognitive_change,network,20.0,16.0,36.0,0.0,,,0.0,1,0.3354,0.1125
82,Feldneretal.(2003),1,anxiety,R1,S4,reappraisal,cognitive_change,network,24.0,24.0,48.0,-0.03,-0.63,,-0.33,2,0.2906,0.084468
83,Feldneretal.(2006),1,anxiety,R1,S4,reappraisal,cognitive_change,network,40.0,40.0,80.0,-0.34,-0.11,,-0.225,2,0.2243,0.050316
84,Gerinetal.(2006),1,anger,D4,Cont1,distraction,attentional_deployment,linear,60.0,60.0,120.0,0.01,,,0.01,1,0.1826,0.033334
85,Giulianietal.(2008),1,amusement,R2,Cont4,reappraisal,cognitive_change,network,16.0,,16.0,1.83,0.79,0.27,0.9633,3,0.3924,0.154
86,Glynnetal.(2002),2,anxiety,D4,Cont1,distraction,attentional_deployment,linear,10.0,10.0,20.0,0.38,,,0.38,1,0.4512,0.20361
87,"Goldin,Manber-Ball,Hakimi,etal.(2009)",1,negative_affect,R4,Cont4,reappraisal,cognitive_change,network,17.0,,17.0,1.4,,,1.4,1,0.4187,0.175294
88,"Goldin,Manber-Ball,Werner,etal.(2009)",1,anxiety,R2,C2,reappraisal,cognitive_change,network,27.0,,27.0,1.15,,,1.15,1,0.314,0.098565
89,Goldinetal.(2008),1,disgust,R3,Cont1,reappraisal,cognitive_change,network,17.0,,17.0,1.24,0.6,,0.92,2,0.3775,0.142541
90,Goldinetal.(2008),1,disgust,S1,Cont1,suppression,response_modulation,linear,17.0,,17.0,1.03,0.7,,0.865,2,0.3737,0.139654
91,Golub(2003),1,anger,D4,C3,distraction,attentional_deployment,linear,50.0,50.0,100.0,0.04,,,0.04,1,0.2,0.040008
92,Gross(1998a),1,disgust,R3,Cont1,reappraisal,cognitive_change,network,40.0,40.0,80.0,0.51,0.88,0.17,0.52,3,0.2274,0.05169
93,Gross(1998a),1,disgust,S1,Cont1,suppression,response_modulation,linear,40.0,40.0,80.0,0.17,1.19,-0.49,0.29,3,0.2248,0.050526
94,Gross&Levenson(1993),3,disgust,S1,Cont1,suppression,response_modulation,linear,42.0,43.0,85.0,0.04,0.78,-0.37,0.15,3,0.2173,0.047198
95,Gross&Levenson(1997),1,sadness,S1,Cont1,suppression,response_modulation,linear,90.0,90.0,180.0,0.16,0.46,-0.2,0.14,3,0.1493,0.022277
96,Hagemannetal.(2006),1,negative_affect,S4,Cont1,suppression,response_modulation,linear,89.0,79.0,168.0,0.04,0.46,-0.12,0.1267,3,0.1547,0.023942
97,Hajcak&Nieuwenhuis(2006),1,negative_affect,R2,Cont1,reappraisal,cognitive_change,network,14.0,,14.0,0.21,,,0.21,1,0.38,0.144432
98,Harenskietal.(2009),2,negative_affect,R4,Cont4,reappraisal,cognitive_change,network,10.0,,10.0,1.24,,,1.24,1,0.5262,0.27688
99,Harris(2001),2,embarrassment,S1,Cont1,suppression,response_modulation,linear,18.0,18.0,36.0,-0.07,-0.09,-0.63,-0.2633,3,0.3348,0.112074
100,Harvey&Bryant(1998),1,amusement,S3,Cont1,suppression,response_modulation,linear,12.0,12.0,24.0,0.15,,,0.15,1,0.4088,0.167135
101,Harvey&Bryant(1998),1,negative_affect,S3,Cont1,suppression,response_modulation,linear,12.0,12.0,24.0,-0.19,,,-0.19,1,0.4092,0.167419
102,Harvey&Bryant(1999),1,negative_affect,S3,Cont1,suppression,response_modulation,linear,48.0,48.0,96.0,-0.48,,,-0.48,1,0.207,0.042867
103,Hatzenbuehleretal.(2009),2,negative_affect,D3,C2,distraction,attentional_deployment,linear,26.0,27.0,53.0,0.6,,,0.6,1,0.2809,0.078895
104,Henryetal.(2007),1,amusement,S1,Cont4,suppression,response_modulation,linear,30.0,,30.0,0.26,0.88,,0.57,2,0.2685,0.072082
105,Henryetal.(2007),1,amusement,S1,Cont3,suppression,response_modulation,linear,30.0,,30.0,-0.16,1.37,,0.605,2,0.2698,0.072767
106,"Henry,Green,etal.(2009)",1,amusement,S1,Cont3,suppression,response_modulation,linear,27.0,,27.0,0.38,1.87,,1.125,2,0.3123,0.097512
107,"Henry,Green,etal.(2009)",1,amusement,S1,Cont4,suppression,response_modulation,linear,27.0,,27.0,0.38,0.65,,0.515,2,0.281,0.078986
108,"Henry,Rendell,etal.(2009)",1,amusement,S1,Cont4,suppression,response_modulation,linear,20.0,,20.0,0.5,1.48,,0.99,2,0.3528,0.124502
109,"Henry,Rendell,etal.(2009)",1,amusement,S1,Cont3,suppression,response_modulation,linear,20.0,,20.0,0.46,1.85,,1.155,2,0.3652,0.133351
110,Hofmannetal.(2009),1,anxiety,R2,Cont4,reappraisal,cognitive_change,network,68.0,67.0,135.0,0.47,0.33,,0.4,2,0.1739,0.030224
111,Hofmannetal.(2009),1,anxiety,S1,Cont4,suppression,response_modulation,linear,68.0,67.0,135.0,-0.03,-0.08,,-0.055,2,0.1722,0.029642
112,Hofmannetal.(2007),1,mixed,S2,Cont4,suppression,response_modulation,dot,26.0,24.0,50.0,0.37,,,0.37,1,0.2855,0.081497
113,Hood(2003),1,disgust,S1,Cont1,suppression,response_modulation,linear,25.0,25.0,50.0,0.01,,,0.01,1,0.2828,0.080001
114,Hood(2003),1,disgust,S3,Cont1,suppression,response_modulation,linear,25.0,25.0,50.0,0.05,,,0.05,1,0.2829,0.080025
115,Hood(2003),1,disgust,R3,Cont1,reappraisal,cognitive_change,network,25.0,25.0,50.0,0.28,,,0.28,1,0.2842,0.080784
116,Hulseetal.(2007),1,negative_affect,D4,Cont1,distraction,attentional_deployment,linear,32.0,32.0,64.0,0.06,,,0.06,1,0.2501,0.062528
117,Hunt(1998),1,negative_affect,R2,C3,reappraisal,cognitive_change,network,34.0,36.0,70.0,-0.2,,,-0.2,1,0.2397,0.057475
118,Hunt(1998),1,negative_affect,D2,C3,distraction,attentional_deployment,linear,34.0,33.0,67.0,-0.12,,,-0.12,1,0.2446,0.059822
119,Hunt(1998),1,negative_affect,R2,D2,reappraisal,cognitive_change,network,33.0,36.0,69.0,-0.08,,,-0.08,1,0.2411,0.058127
120,Janeck&Calamari(1999),1,negative_affect,S3,Cont1,suppression,response_modulation,linear,16.0,16.0,32.0,0.13,,,0.13,1,0.3539,0.125264
121,Jimenez(2009),2,none,R1,Cont1,reappraisal,cognitive_change,network,61.0,59.0,120.0,0.16,,,0.16,1,0.1829,0.033449
122,Johnsetal.(2008),3,anxiety,R1,Cont1,reappraisal,cognitive_change,network,19.0,19.0,38.0,0.4,,,0.4,1,0.3277,0.107368
123,Joorman&Siemer(2004),1,negative_affect,D3,C3,distraction,attentional_deployment,linear,31.0,29.0,60.0,0.45,,,0.45,1,0.2616,0.068428
124,Joormannetal.(2007),1,sadness,D2,D4,distraction,attentional_deployment,linear,29.0,36.0,65.0,-0.04,,,-0.04,1,0.2495,0.062273
125,Kalischetal.(2005),1,anxiety,D1,C1,distraction,attentional_deployment,linear,18.0,,18.0,1.72,0.57,,1.145,2,0.3841,0.147528
126,Kalischetal.(2006),1,anxiety,D3,Cont2,distraction,attentional_deployment,linear,15.0,,15.0,0.67,0.0,,0.335,2,0.3702,0.137074
127,Kaoetal.(2006),1,none,D4,C3,distraction,attentional_deployment,linear,15.0,15.0,30.0,0.95,,,0.95,1,0.3852,0.148375
128,Katz&Bertelson(1993),1,sadness,D4,C1,distraction,attentional_deployment,linear,32.0,32.0,64.0,1.79,,,1.79,1,0.2959,0.087532
129,Kavanaghetal.(2001),1,negative_affect,D4,Cont1,distraction,attentional_deployment,linear,18.0,,18.0,0.81,,,0.81,1,0.3596,0.129336
130,Kim&Hamann(2007),1,negative_affect,R4,Cont4,reappraisal,cognitive_change,network,10.0,,10.0,1.83,,,1.83,1,0.6062,0.367445
131,Kingstonetal.(2007),1,pain,R1,D4,reappraisal,cognitive_change,network,21.0,21.0,42.0,0.15,,,0.15,1,0.309,0.095506
132,Koenigsbergetal.(2009),1,negative_affect,R3,Cont3,reappraisal,cognitive_change,network,16.0,,16.0,1.74,,,1.74,1,0.4686,0.219613
133,Kosteretal.(2003),1,anxiety,S3,Cont1,suppression,response_modulation,linear,17.0,17.0,34.0,0.0,,,0.0,1,0.343,0.117647
134,Kross&Ayduk(2008),1,sadness,R3,C1,reappraisal,cognitive_change,network,48.0,48.0,96.0,0.46,,,0.46,1,0.2068,0.042769
135,Kross&Ayduk(2008),1,sadness,R3,D4,reappraisal,cognitive_change,network,48.0,45.0,93.0,-0.15,,,-0.15,1,0.2078,0.043177
136,Kross&Ayduk(2008),1,sadness,D4,C1,distraction,attentional_deployment,linear,45.0,48.0,93.0,0.61,,,0.61,1,0.2123,0.045056
137,Krossetal.(2005),1,anger,C1,C2,concentration,attentional_deployment,dot,38.0,39.0,77.0,0.2,,,0.2,1,0.2285,0.052217
138,Krossetal.(2009),1,negative_affect,R1,C1,reappraisal,cognitive_change,network,24.0,,24.0,0.4,,,0.4,1,0.2944,0.086667
139,Krossetal.(2009),1,negative_affect,R1,C2,reappraisal,cognitive_change,network,24.0,,24.0,1.27,,,1.27,1,0.342,0.116935
140,Krossetal.(2009),1,negative_affect,C1,C2,concentration,attentional_deployment,dot,24.0,,24.0,-0.82,,,-0.82,1,0.312,0.097342
141,Kuehneretal.(2007),1,sadness,D3,C3,distraction,attentional_deployment,linear,21.0,21.0,42.0,1.22,,,1.22,1,0.3361,0.112957
142,Kuehneretal.(2009),1,sadness,R1,D3,reappraisal,cognitive_change,network,20.0,20.0,40.0,-0.43,-0.45,,-0.44,2,0.32,0.10242
143,Kuehneretal.(2009),1,sadness,D3,C3,distraction,attentional_deployment,linear,20.0,20.0,40.0,1.0,0.37,,0.685,2,0.3254,0.105865
144,Kuehneretal.(2009),1,sadness,R1,C3,reappraisal,cognitive_change,network,20.0,20.0,40.0,0.26,0.06,,0.16,2,0.3167,0.10032
145,Kunzmannetal.(2005),1,disgust,S1,Cont1,suppression,response_modulation,linear,47.0,,47.0,0.0,0.71,-0.14,0.19,3,0.2072,0.042937
146,Kunzmannetal.(2005),1,disgust,S1,Cont3,suppression,response_modulation,linear,47.0,,47.0,0.0,1.09,0.03,0.3733,3,0.2098,0.044036
147,Lauren(2006),1,anger,D3,C3,distraction,attentional_deployment,linear,15.0,15.0,30.0,0.37,,,0.37,1,0.3683,0.135615
148,Lauren(2006),1,anxiety,D3,C3,distraction,attentional_deployment,linear,15.0,15.0,30.0,0.58,,,0.58,1,0.3727,0.13894
149,Lauren(2006),1,sadness,D3,C3,distraction,attentional_deployment,linear,15.0,15.0,30.0,0.45,,,0.45,1,0.3697,0.136708
150,Leen-Feldneretal.(2004),1,anxiety,R1,S4,reappraisal,cognitive_change,network,48.0,47.0,95.0,0.56,-0.01,,0.275,2,0.2062,0.042508
151,Le´vesqueetal.(2003),1,sadness,R3,Cont4,reappraisal,cognitive_change,network,20.0,,20.0,1.83,,,1.83,1,0.4286,0.183722
152,Le´vesqueetal.(2004),1,sadness,R3,Cont4,reappraisal,cognitive_change,network,14.0,,14.0,0.79,,,0.79,1,0.4064,0.165146
153,Lowetal.(2008),1,anxiety,R1,C3,reappraisal,cognitive_change,network,25.0,26.0,51.0,0.25,0.56,,0.405,2,0.283,0.08007
154,Lowetal.(2008),1,anxiety,R3,C3,reappraisal,cognitive_change,network,30.0,26.0,56.0,0.16,0.3,,0.23,2,0.2688,0.072267
155,Lowetal.(2008),1,anxiety,R3,R1,reappraisal,cognitive_change,network,30.0,25.0,55.0,0.16,-0.3,,-0.07,2,0.2709,0.073378
156,Lu&Stanton(2009),1,none,R4,D4,reappraisal,cognitive_change,network,33.0,30.0,63.0,-0.05,,,-0.05,1,0.2523,0.063656
157,Lu&Stanton(2009),1,none,D4,C1,distraction,attentional_deployment,linear,30.0,30.0,60.0,0.15,,,0.15,1,0.2586,0.066854
158,Lu&Stanton(2009),1,none,R4,C1,reappraisal,cognitive_change,network,33.0,30.0,63.0,0.09,,,0.09,1,0.2524,0.063701
159,Lyubomirsky&Nolen-Hoeksema(1993),1,none,D4,C3,distraction,attentional_deployment,linear,18.0,17.0,35.0,-0.24,,,-0.24,1,0.3394,0.115202
160,Lyubomirsky&Nolen-Hoeksema(1993),4,none,D4,C3,distraction,attentional_deployment,linear,18.0,18.0,36.0,-0.3,,,-0.3,1,0.3352,0.112361
161,Lyubomirsky&Nolen-Hoeksema(1995),1,none,D4,C3,distraction,attentional_deployment,linear,18.0,18.0,36.0,-0.34,,,-0.34,1,0.3357,0.112717
162,Lyubomirskyetal.(1998),1,none,D4,C3,distraction,attentional_deployment,linear,18.0,18.0,36.0,0.83,,,0.83,1,0.3474,0.120679
163,Lyubomirskyetal.(1998),2,none,D4,C3,distraction,attentional_deployment,linear,12.0,12.0,24.0,0.23,,,0.23,1,0.4096,0.167769
164,Lyubomirskyetal.(1998),3,none,D4,C3,distraction,attentional_deployment,linear,17.0,16.0,33.0,0.62,,,0.62,1,0.3566,0.127148
165,Lyubomirskyetal.(1998),4,none,D4,C3,distraction,attentional_deployment,linear,10.0,10.0,20.0,0.7,,,0.7,1,0.4607,0.21225
166,Lyubomirskyetal.(2003),1,none,D4,C3,distraction,attentional_deployment,linear,30.0,16.0,46.0,0.21,,,0.21,1,0.3103,0.096313
167,Lyubomirskyetal.(2003),2,none,D4,C3,distraction,attentional_deployment,linear,13.0,13.0,26.0,-0.4,,,-0.4,1,0.3961,0.156923
168,Lyubomirskyetal.(2003),3,none,D4,C3,distraction,attentional_deployment,linear,17.0,15.0,32.0,-0.14,,,-0.14,1,0.3547,0.125796
169,Lyubomirskyetal.(2006),3,positive_affect,C1,C2,concentration,attentional_deployment,dot,55.0,57.0,112.0,0.05,,,0.05,1,0.189,0.035737
170,Lyubomirskyetal.(1999),1,none,D4,C3,distraction,attentional_deployment,linear,22.0,23.0,45.0,0.26,,,0.26,1,0.2995,0.089684
171,Lyubomirskyetal.(1999),3,none,D4,C3,distraction,attentional_deployment,linear,13.0,12.0,25.0,-0.06,0.18,,0.06,2,0.4004,0.160328
172,Magee&Zinbarg(2007),1,negative_affect,S3,Cont1,suppression,response_modulation,linear,10.0,10.0,20.0,0.01,-0.13,,-0.06,2,0.4473,0.20009
173,Magee&Zinbarg(2007),1,negative_affect,C1,Cont1,concentration,attentional_deployment,dot,10.0,10.0,20.0,-0.18,-1.16,,-0.67,2,0.4596,0.211223
174,Martijnetal.(2002),1,disgust,S1,Cont1,suppression,response_modulation,linear,17.0,16.0,33.0,0.0,,,0.0,1,0.3483,0.121324
175,Masudaetal.(2010),1,negative_affect,R2,Cont1,reappraisal,cognitive_change,network,31.0,34.0,65.0,1.12,,,1.12,1,0.2671,0.071319
176,Masudaetal.(2010),1,negative_affect,D3,Cont1,distraction,attentional_deployment,linear,38.0,34.0,72.0,0.5,,,0.5,1,0.2397,0.057464
177,McCanne&Anderson(1987),1,negative_affect,S1,Cont1,suppression,response_modulation,linear,30.0,,30.0,0.45,,,0.45,1,0.2647,0.070042
178,McCanne&Anderson(1987),1,negative_affect,S1,Cont3,suppression,response_modulation,linear,30.0,,30.0,-0.07,,,-0.07,1,0.2584,0.066748
179,McCanne&Anderson(1987),1,positive_affect,S1,Cont1,suppression,response_modulation,linear,30.0,,30.0,1.3,,,1.3,1,0.308,0.094833
180,McCanne&Anderson(1987),1,positive_affect,S1,Cont3,suppression,response_modulation,linear,30.0,,30.0,0.77,,,0.77,1,0.2767,0.076548
181,McClellandetal.(2009),1,anger,D4,Cont1,distraction,attentional_deployment,linear,102.0,,102.0,0.39,0.01,,0.2,2,0.1407,0.019804
182,"McLaughlin,Borkovec,&Sibrava(2007)",1,negative_affect,C1,Cont3,concentration,attentional_deployment,dot,30.0,30.0,60.0,0.14,,,0.14,1,0.2585,0.06683
183,"McLaughlin,Borkovec,&Sibrava(2007)",2,negative_affect,C1,Cont3,concentration,attentional_deployment,dot,109.0,,109.0,-0.31,,,-0.31,1,0.1371,0.018789
184,"McLaughlin,Mennin,&Farach(2007)",1,sadness,D4,Cont3,distraction,attentional_deployment,linear,15.0,14.0,29.0,-0.13,,,-0.13,1,0.372,0.138387
185,"McLaughlin,Mennin,&Farach(2007)",1,sadness,D2,Cont3,distraction,attentional_deployment,linear,15.0,14.0,29.0,-0.06,,,-0.06,1,0.3717,0.138157
186,McRaeetal.(2010),1,negative_affect,D4,Cont4,distraction,attentional_deployment,linear,18.0,,18.0,0.9,,,0.9,1,0.3655,0.133611
187,McRaeetal.(2010),1,negative_affect,R2,Cont4,reappraisal,cognitive_change,network,18.0,,18.0,1.33,,,1.33,1,0.4003,0.160247
188,McRaeetal.(2008),1,negative_affect,R2,Cont1,reappraisal,cognitive_change,network,25.0,,25.0,1.44,,,1.44,1,0.3485,0.121472
189,Menchola(2008),1,negative_affect,R3,Cont1,reappraisal,cognitive_change,network,41.0,40.0,81.0,0.14,0.06,,0.1,2,0.2224,0.049452
190,Menchola(2008),1,negative_affect,S1,Cont1,suppression,response_modulation,linear,41.0,40.0,81.0,-0.72,0.03,,-0.345,2,0.2239,0.050125
191,Moberly&Watkins(2006),1,anxiety,C1,C2,concentration,attentional_deployment,dot,27.0,27.0,54.0,0.25,,,0.25,1,0.2732,0.074653
192,Morrison&O’Connor(2008),1,negative_affect,D4,C1,distraction,attentional_deployment,linear,20.0,20.0,40.0,0.41,,,0.41,1,0.3195,0.102101
193,Morrison&O’Connor(2008),1,positive_affect,D4,C1,distraction,attentional_deployment,linear,20.0,20.0,40.0,0.03,,,0.03,1,0.3162,0.100011
194,Morrow&Nolen-Hoeksema(1990),1,sadness,D4,C2,distraction,attentional_deployment,linear,17.0,17.0,34.0,1.32,,,1.32,1,0.3785,0.143271
195,Morrow&Nolen-Hoeksema(1990),1,sadness,D4,C1,distraction,attentional_deployment,linear,17.0,17.0,34.0,1.46,,,1.46,1,0.386,0.148994
196,Morrow&Nolen-Hoeksema(1990),1,sadness,C1,C2,concentration,attentional_deployment,dot,17.0,17.0,34.0,0.66,,,0.66,1,0.3522,0.124053
197,Mouldsetal.(2007),1,none,D4,C3,distraction,attentional_deployment,linear,27.0,29.0,56.0,0.59,,,0.59,1,0.2732,0.074628
198,Muravenetal.(1998),1,negative_affect,S4,Cont1,suppression,response_modulation,linear,20.0,20.0,40.0,0.0,,,0.0,1,0.3162,0.1
199,Muravenetal.(1998),1,negative_affect,S4,Cont3,suppression,response_modulation,linear,20.0,20.0,40.0,0.0,,,0.0,1,0.3162,0.1
200,Najmietal.(2009),1,anxiety,R1,S3,reappraisal,cognitive_change,network,20.0,,20.0,-0.38,,,-0.38,1,0.3219,0.10361
201,Najmietal.(2009),1,anxiety,S3,D1,suppression,response_modulation,linear,20.0,,20.0,0.22,,,0.22,1,0.3181,0.10121
202,Najmietal.(2009),1,anxiety,R1,D1,reappraisal,cognitive_change,network,20.0,,20.0,-0.2,,,-0.2,1,0.3178,0.101
203,Nolen-Hoeksema&Morrow(1993),1,none,D3,C3,distraction,attentional_deployment,linear,12.0,12.0,24.0,0.31,,,0.31,1,0.4107,0.168669
204,Ochsneretal.(2002),1,negative_affect,R4,Cont4,reappraisal,cognitive_change,network,15.0,,15.0,1.49,,,1.49,1,0.4553,0.207337
205,Ochsneretal.(2004),1,negative_affect,R2,Cont4,reappraisal,cognitive_change,network,12.0,,12.0,0.22,,,0.22,1,0.4107,0.168683
206,Ochsneretal.(2004),1,negative_affect,R3,Cont4,reappraisal,cognitive_change,network,12.0,,12.0,1.43,,,1.43,1,0.5019,0.251871
207,Ohiraetal.(2006),1,negative_affect,S2,Cont4,suppression,response_modulation,dot,10.0,,10.0,0.08,-0.12,,-0.02,2,0.4472,0.20002
208,Ortneretal.(2007),2,negative_affect,R1,Cont1,reappraisal,cognitive_change,network,21.0,24.0,45.0,0.66,0.09,,0.375,2,0.3014,0.090848
209,Orzechetal.(2009),1,none,R1,Cont1,reappraisal,cognitive_change,network,36.0,33.0,69.0,0.31,,,0.31,1,0.2424,0.058777
210,Paceetal.(2009),1,anxiety,R1,Cont1,reappraisal,cognitive_change,network,33.0,28.0,61.0,1.83,0.18,,1.005,2,0.2726,0.074296
211,Parketal.(2004),1,none,D4,C3,distraction,attentional_deployment,linear,33.0,,33.0,0.3,,,0.3,1,0.2489,0.06197
212,Pendergrass(2005),1,negative_affect,R2,Cont3,reappraisal,cognitive_change,network,30.0,15.0,45.0,0.4,,,0.4,1,0.319,0.101778
213,Pendergrass(2005),1,negative_affect,R3,Cont3,reappraisal,cognitive_change,network,30.0,30.0,60.0,0.04,,,0.04,1,0.2582,0.06668
214,Phillipsetal.(2008),1,negative_affect,S1,Cont4,suppression,response_modulation,linear,32.0,32.0,64.0,0.13,0.96,,0.545,2,0.2546,0.064821
215,Phillipsetal.(2008),1,negative_affect,D1,Cont4,distraction,attentional_deployment,linear,31.0,32.0,63.0,0.88,0.54,,0.71,2,0.2598,0.067509
216,Pipeetal.(2009),1,none,R1,Cont1,reappraisal,cognitive_change,network,15.0,17.0,32.0,0.33,,,0.33,1,0.3566,0.127192
217,Purdon(2001),1,anxiety,S3,Cont2,suppression,response_modulation,linear,44.0,40.0,84.0,0.22,,,0.22,1,0.2191,0.048015
218,Purdon&Clark(2001),1,anxiety,S3,Cont2,suppression,response_modulation,linear,38.0,35.0,73.0,0.09,,,0.09,1,0.2344,0.054943
219,Purdon&Clark(2001),1,positive_affect,S3,Cont2,suppression,response_modulation,linear,36.0,38.0,74.0,0.17,,,0.17,1,0.233,0.054289
220,Quartana&Burns(2007),1,anger,S1,Cont2,suppression,response_modulation,linear,35.0,34.0,69.0,0.21,,,0.21,1,0.2415,0.058303
221,Quartana&Burns(2007),1,anger,S2,Cont2,suppression,response_modulation,dot,35.0,34.0,69.0,-0.1,,,-0.1,1,0.2409,0.058056
222,Quartana&Burns(2007),1,anxiety,S1,Cont2,suppression,response_modulation,linear,35.0,34.0,69.0,0.16,,,0.16,1,0.2412,0.058169
223,Quartana&Burns(2007),1,anxiety,S2,Cont2,suppression,response_modulation,dot,35.0,34.0,69.0,0.43,,,0.43,1,0.2436,0.059323
224,Quartanaetal.(2007),1,anger,S2,Cont1,suppression,response_modulation,dot,26.0,26.0,52.0,0.0,,,0.0,1,0.2774,0.076923
225,Quartanaetal.(2007),2,anger,S2,Cont1,suppression,response_modulation,dot,48.0,48.0,96.0,-0.09,,,-0.09,1,0.2042,0.041709
226,Raesetal.(2008),1,none,C1,C2,concentration,attentional_deployment,dot,102.0,93.0,195.0,0.18,,,0.18,1,0.1437,0.02064
227,Rayetal.(2008),1,anger,R3,C3,reappraisal,cognitive_change,network,43.0,34.0,77.0,0.75,,,0.75,1,0.2373,0.05632
228,Rayetal.(2008),2,anger,R3,C3,reappraisal,cognitive_change,network,55.0,61.0,116.0,0.64,-0.08,,0.28,2,0.1869,0.034913
229,Richard(2006),1,none,R2,D4,reappraisal,cognitive_change,network,60.0,60.0,120.0,0.16,,,0.16,1,0.1829,0.03344
230,Richards&Gross(1999),1,negative_affect,S1,Cont1,suppression,response_modulation,linear,29.0,29.0,58.0,0.25,1.75,,1.0,2,0.2785,0.077586
231,Richards&Gross(1999),2,negative_affect,S1,Cont1,suppression,response_modulation,linear,41.0,44.0,85.0,0.24,1.04,-0.17,0.37,3,0.2189,0.047923
232,Richards&Gross(2000),1,negative_affect,S1,Cont1,suppression,response_modulation,linear,25.0,28.0,53.0,0.0,,,0.0,1,0.2752,0.075714
233,Richards&Gross(2000),2,negative_affect,R3,Cont1,reappraisal,cognitive_change,network,22.0,41.0,63.0,0.63,0.55,,0.59,2,0.2695,0.072607
234,Richards&Gross(2000),2,negative_affect,S1,Cont1,suppression,response_modulation,linear,20.0,41.0,61.0,0.37,0.79,,0.58,2,0.2778,0.077148
235,Richards&Gross(2006),2,negative_affect,S1,Cont1,suppression,response_modulation,linear,40.0,91.0,131.0,0.34,,,0.34,1,0.1909,0.03643
236,Richards&Gross(2006),2,negative_affect,D3,Cont1,distraction,attentional_deployment,linear,44.0,91.0,135.0,0.46,,,0.46,1,0.1857,0.0345
237,Richardsetal.(2003),1,anxiety,R2,Cont1,reappraisal,cognitive_change,network,27.0,31.0,58.0,0.03,-0.04,,-0.005,2,0.2632,0.069295
238,Richardsetal.(2003),1,anxiety,S1,Cont1,suppression,response_modulation,linear,56.0,56.0,112.0,-0.12,0.78,,0.33,2,0.1903,0.0362
239,Rimes&Watkins(2005),1,none,C1,C2,concentration,attentional_deployment,dot,15.0,15.0,30.0,0.24,,,0.24,1,0.3665,0.134293
240,Robertsetal.(2008),1,disgust,S1,Cont1,suppression,response_modulation,linear,81.0,79.0,160.0,0.07,1.03,-0.39,0.2367,3,0.1587,0.025179
241,Robinson&Demaree(2009),1,sadness,S1,Cont4,suppression,response_modulation,linear,102.0,,102.0,0.0,-0.03,-0.24,-0.09,3,0.1402,0.019648
242,Robinson&Demaree(2009),1,sadness,S1,Cont3,suppression,response_modulation,linear,102.0,,102.0,0.03,0.36,0.07,0.1533,3,0.1404,0.019723
243,Rohrmannetal.(2009),1,disgust,R3,Cont1,reappraisal,cognitive_change,network,48.0,24.0,72.0,0.24,0.19,0.12,0.1833,3,0.2505,0.062733
244,Rohrmannetal.(2009),1,disgust,S1,Cont1,suppression,response_modulation,linear,48.0,24.0,72.0,0.14,0.51,-0.31,0.1133,3,0.2502,0.062589
245,Rosenzweigetal.(2003),1,none,R1,Cont1,reappraisal,cognitive_change,network,140.0,162.0,302.0,0.2,,,0.2,1,0.1157,0.013382
246,Rusting&DeHart(2000),2,negative_affect,R2,Cont1,reappraisal,cognitive_change,network,20.0,20.0,40.0,0.0,,,0.0,1,0.3162,0.1
247,Rusting&DeHart(2000),2,negative_affect,C1,Cont1,concentration,attentional_deployment,dot,20.0,20.0,40.0,0.0,,,0.0,1,0.3162,0.1
248,Rusting&Nolen-Hoeksema(1998),3,anger,D4,Cont1,distraction,attentional_deployment,linear,20.0,20.0,40.0,0.95,,,0.95,1,0.3336,0.111281
249,Rusting&Nolen-Hoeksema(1998),3,anger,C2,Cont1,concentration,attentional_deployment,dot,20.0,20.0,40.0,-1.18,,,-1.18,1,0.3426,0.117405
250,Santos(2008),1,negative_affect,R1,D4,reappraisal,cognitive_change,network,26.0,61.0,87.0,0.16,-0.14,,0.01,2,0.2342,0.054856
251,Santos(2008),1,negative_affect,R1,C2,reappraisal,cognitive_change,network,26.0,21.0,47.0,-0.13,0.09,,-0.02,2,0.2934,0.086085
252,Santos(2008),1,negative_affect,D4,C2,distraction,attentional_deployment,linear,61.0,21.0,82.0,-0.26,0.21,,-0.025,2,0.253,0.064016
253,Schmeicheletal.(2003),2,sadness,S1,Cont1,suppression,response_modulation,linear,18.0,19.0,37.0,-0.23,1.35,,0.56,2,0.3353,0.112425
254,Schmeicheletal.(2008),2,amusement,S1,Cont4,suppression,response_modulation,linear,25.0,25.0,50.0,0.1,2.59,,1.345,2,0.3132,0.09809
255,Schmeicheletal.(2008),3,disgust,R3,Cont4,reappraisal,cognitive_change,network,35.0,36.0,71.0,0.48,0.71,,0.595,2,0.2426,0.058842
256,Sears&Kraus(2009),1,none,R1,Cont1,reappraisal,cognitive_change,network,19.0,10.0,29.0,0.69,,,0.69,1,0.401,0.16084
257,Shamosh&Gray(2007),1,sadness,S4,Cont1,suppression,response_modulation,linear,28.0,29.0,57.0,0.0,0.71,,0.355,2,0.267,0.071303
258,Shapiroetal.(1998),1,none,R1,Cont1,reappraisal,cognitive_change,network,37.0,41.0,78.0,0.5,,,0.5,1,0.2303,0.05302
259,Sheppes&Meiran(2007),1,sadness,R3,Cont4,reappraisal,cognitive_change,network,30.0,30.0,60.0,1.33,,,1.33,1,0.2853,0.081407
260,Sheppes&Meiran(2007),1,sadness,D3,Cont4,distraction,attentional_deployment,linear,30.0,30.0,60.0,0.81,,,0.81,1,0.2686,0.072134
261,Sheppes&Meiran(2007),2,sadness,R3,Cont4,reappraisal,cognitive_change,network,40.0,20.0,60.0,1.75,,,1.75,1,0.3171,0.100521
262,Sheppes&Meiran(2007),2,sadness,D3,Cont4,distraction,attentional_deployment,linear,20.0,20.0,40.0,1.83,,,1.83,1,0.3766,0.141861
263,Sheppes&Meiran(2008),1,sadness,R3,D3,reappraisal,cognitive_change,network,23.0,22.0,45.0,0.0,,,0.0,1,0.2982,0.088933
264,Sheppesetal.(2009),1,sadness,R3,Cont5,reappraisal,cognitive_change,network,15.0,14.0,29.0,1.08,-0.63,,0.225,2,0.3728,0.138968
265,Sheppesetal.(2009),1,sadness,D3,Cont5,distraction,attentional_deployment,linear,15.0,14.0,29.0,0.79,0.17,,0.48,2,0.3769,0.142068
266,Shiota&Levenson(2009),1,disgust,S1,Cont4,suppression,response_modulation,linear,144.0,,144.0,0.25,0.58,,0.415,2,0.1204,0.014487
267,Shiota&Levenson(2009),1,negative_affect,R2,Cont4,reappraisal,cognitive_change,network,76.0,,76.0,0.09,0.07,,0.08,2,0.1624,0.026358
268,Shiota&Levenson(2009),1,negative_affect,R3,Cont4,reappraisal,cognitive_change,network,68.0,,68.0,0.39,0.27,,0.33,2,0.1738,0.030212
269,Smythetal.(2001),1,negative_affect,C1,C3,concentration,attentional_deployment,dot,39.0,39.0,78.0,0.07,,,0.07,1,0.2265,0.051313
270,Takagi&Ohira(2004),1,negative_affect,S3,C1,suppression,response_modulation,linear,8.0,8.0,16.0,0.49,,,0.49,1,0.5074,0.257503
271,Trask&Sigmon(1999),1,negative_affect,D4,C2,distraction,attentional_deployment,linear,38.0,,38.0,0.51,,,0.51,1,0.2368,0.056054
272,Urry(2001),1,disgust,R3,Cont1,reappraisal,cognitive_change,network,20.0,20.0,40.0,1.64,-0.2,,0.72,2,0.3263,0.10648
273,Urry(2001),1,disgust,S1,Cont1,suppression,response_modulation,linear,20.0,20.0,40.0,0.81,0.03,,0.42,2,0.3197,0.102205
274,Urry(2009),1,negative_affect,R2,Cont2,reappraisal,cognitive_change,network,41.0,,41.0,0.34,-0.01,,0.165,2,0.2216,0.049113
275,Urry(2010),1,negative_affect,R2,Cont4,reappraisal,cognitive_change,network,54.0,,54.0,0.29,0.1,,0.195,2,0.1934,0.037389
276,Urryetal.(2009),1,negative_affect,R2,Cont3,reappraisal,cognitive_change,network,26.0,,26.0,0.47,,,0.47,1,0.2849,0.081171
277,VanDillen&Koole(2007),1,negative_affect,D4,Cont1,distraction,attentional_deployment,linear,38.0,,38.0,0.62,,,0.62,1,0.2402,0.057689
278,VanDillen&Koole(2007),3,negative_affect,D4,Cont1,distraction,attentional_deployment,linear,40.0,,40.0,0.26,,,0.26,1,0.2255,0.050845
279,Vassilopoulos(2005),1,anxiety,D4,C3,distraction,attentional_deployment,linear,40.0,40.0,80.0,1.06,,,1.06,1,0.2388,0.057023
280,Vassilopoulos(2008),1,none,C1,C2,concentration,attentional_deployment,dot,14.0,15.0,29.0,-0.2,,,-0.2,1,0.3725,0.138785
281,Vassilopoulos&Watkins(2009),1,none,C1,C2,concentration,attentional_deployment,dot,21.0,20.0,41.0,-0.37,,,-0.37,1,0.3151,0.099289
282,Vickers&Vogeltanz-Holm(2003),1,none,D3,C3,distraction,attentional_deployment,linear,44.0,42.0,86.0,0.16,,,0.16,1,0.2161,0.046686
283,Vohs&Schmeichel(2003),1,sadness,S4,Cont4,suppression,response_modulation,linear,13.0,13.0,26.0,0.13,-0.32,,-0.095,2,0.3925,0.15402
284,Vohs&Schmeichel(2003),1,sadness,S4,Cont3,suppression,response_modulation,linear,13.0,13.0,26.0,0.68,1.38,,1.03,2,0.4174,0.174248
285,Vohs&Schmeichel(2003),2,sadness,R3,Cont4,reappraisal,cognitive_change,network,17.0,16.0,33.0,-0.15,0.6,,0.225,2,0.3494,0.122091
286,Vohs&Schmeichel(2003),2,sadness,S4,Cont4,suppression,response_modulation,linear,17.0,16.0,33.0,-0.41,0.78,,0.185,2,0.3491,0.121842
287,Walser(1999),1,negative_affect,R1,S2,reappraisal,cognitive_change,network,63.0,63.0,126.0,0.13,,,0.13,1,0.1784,0.031813
288,Watkins(2004),1,negative_affect,C2,C1,concentration,attentional_deployment,dot,35.0,34.0,69.0,-0.16,,,-0.16,1,0.2412,0.058169
289,Watkins&Moulds(2005),1,none,C2,C1,concentration,attentional_deployment,dot,20.0,20.0,40.0,-0.21,,,-0.21,1,0.3171,0.100551
290,"Watkins,Moberly,&Moulds(2008)",1,negative_affect,C1,C2,concentration,attentional_deployment,dot,20.0,20.0,40.0,0.73,,,0.73,1,0.3266,0.106661
291,"Watkins,Moberly,&Moulds(2008)",2,negative_affect,D4,C2,distraction,attentional_deployment,linear,21.0,21.0,42.0,0.42,,,0.42,1,0.312,0.097338
292,"Watkins,Moberly,&Moulds(2008)",2,negative_affect,D4,C1,distraction,attentional_deployment,linear,21.0,21.0,42.0,-0.36,,,-0.36,1,0.3111,0.096781
293,"Watkins,Moberly,&Moulds(2008)",2,negative_affect,C1,C2,concentration,attentional_deployment,dot,21.0,21.0,42.0,0.87,,,0.87,1,0.3229,0.104249
294,"Watkins,Cruz,etal.(2008)",1,negative_affect,R2,C1,reappraisal,cognitive_change,network,51.0,42.0,93.0,0.24,,,0.24,1,0.2091,0.043727
295,Watson&Purdon(2008),1,negative_affect,D3,Cont1,distraction,attentional_deployment,linear,26.0,28.0,54.0,-0.25,,,-0.25,1,0.2734,0.074755
296,Watson&Purdon(2008),1,negative_affect,D1,Cont1,distraction,attentional_deployment,linear,29.0,28.0,57.0,0.34,,,0.34,1,0.2669,0.071211
297,Williamsetal.(2009),1,anxiety,R3,Cont1,reappraisal,cognitive_change,network,13.0,13.0,26.0,-0.47,,,-0.47,1,0.3976,0.158094
298,Williamsetal.(2009),2,anxiety,R3,Cont1,reappraisal,cognitive_change,network,16.0,16.0,32.0,-0.37,,,-0.37,1,0.3566,0.127139
299,Wimalaweera&Moulds(2008),1,anger,C2,C1,concentration,attentional_deployment,dot,15.0,14.0,29.0,0.85,,,0.85,1,0.388,0.150552
300,Wintersetal.(2009),1,amusement,R3,Cont4,reappraisal,cognitive_change,network,49.0,,49.0,0.67,,,0.67,1,0.2131,0.045397
301,Wong&Moulds(2009),1,anxiety,D4,C3,distraction,attentional_deployment,linear,23.0,23.0,46.0,0.36,,,0.36,1,0.2973,0.088365
302,Yartz(2004),1,disgust,R3,Cont1,reappraisal,cognitive_change,network,28.0,,28.0,0.83,,,0.83,1,0.2894,0.08373
303,Yartz(2004),1,disgust,S1,Cont1,suppression,response_modulation,linear,28.0,,28.0,-0.05,,,-0.05,1,0.2673,0.071473
304,Zetscheetal.(2009),1,negative_affect,D4,C2,distraction,attentional_deployment,linear,32.0,34.0,66.0,0.51,,,0.51,1,0.2503,0.062632
305,Zinner(2009),3,negative_affect,R2,Cont1,reappraisal,cognitive_change,network,28.0,28.0,56.0,0.24,0.12,,0.18,2,0.2678,0.071718
306,Zinner(2009),3,negative_affect,S1,Cont1,suppression,response_modulation,linear,28.0,28.0,56.0,0.23,-0.15,,0.04,2,0.2673,0.071443
